Category,Code,Description,,,,,,,,,,,,,,,,,,,,,,,,,,,,,,,,,,,,,,,,,,,,,,,,,,,,,,,,,,,,,,,,,,
0 Infrastructure,0a,Implementation of national and international codes of practice for radiation dosimetry,,,,,,,,,,,,,,,,,,,,,,,,,,,,,,,,,,,,,,,,,,,,,,,,,,,,,,,,,,,,,,,,,,
0 Infrastructure,0b,"Development of dosimetry algorithms for local application (includes locally developed software, programs, tools for clinical use)",,,,,,,,,,,,,,,,,,,,,,,,,,,,,,,,,,,,,,,,,,,,,,,,,,,,,,,,,,,,,,,,,,
0 Infrastructure,0c,Development of treatment planning algorithms for local application,,,,,,,,,,,,,,,,,,,,,,,,,,,,,,,,,,,,,,,,,,,,,,,,,,,,,,,,,,,,,,,,,,
0 Infrastructure,0d,Other,,,,,,,,,,,,,,,,,,,,,,,,,,,,,,,,,,,,,,,,,,,,,,,,,,,,,,,,,,,,,,,,,,
0 Infrastructure,0e,"IT infrastructure (includes change or failure in hardware, software, upgrades, network changes, archive process, system compatibility, data transfer)",,,,,,,,,,,,,,,,,,,,,,,,,,,,,,,,,,,,,,,,,,,,,,,,,,,,,,,,,,,,,,,,,,
1 Room design,1a,Patient safety (includes alteration of room design or use),,,,,,,,,,,,,,,,,,,,,,,,,,,,,,,,,,,,,,,,,,,,,,,,,,,,,,,,,,,,,,,,,,
1 Room design,1b,"Staff and public safety (includes alteration of room design, safety feature design such as ferroguard or their use)",,,,,,,,,,,,,,,,,,,,,,,,,,,,,,,,,,,,,,,,,,,,,,,,,,,,,,,,,,,,,,,,,,
1 Room design,1c,Environmental controls,,,,,,,,,,,,,,,,,,,,,,,,,,,,,,,,,,,,,,,,,,,,,,,,,,,,,,,,,,,,,,,,,,
1 Room design,1d,Access control (access to control area),,,,,,,,,,,,,,,,,,,,,,,,,,,,,,,,,,,,,,,,,,,,,,,,,,,,,,,,,,,,,,,,,,
1 Room design,1e,Other,,,,,,,,,,,,,,,,,,,,,,,,,,,,,,,,,,,,,,,,,,,,,,,,,,,,,,,,,,,,,,,,,,
2 New equipment,2a,Installation,,,,,,,,,,,,,,,,,,,,,,,,,,,,,,,,,,,,,,,,,,,,,,,,,,,,,,,,,,,,,,,,,,
2 New equipment,2e,Customisation and configuration of equipment (to include the use of assistive artificial intelligence),,,,,,,,,,,,,,,,,,,,,,,,,,,,,,,,,,,,,,,,,,,,,,,,,,,,,,,,,,,,,,,,,,
2 New equipment,2f,Commissioning (to include assistive artificial intelligence),,,,,,,,,,,,,,,,,,,,,,,,,,,,,,,,,,,,,,,,,,,,,,,,,,,,,,,,,,,,,,,,,,
2 New equipment,2g,Data recording,,,,,,,,,,,,,,,,,,,,,,,,,,,,,,,,,,,,,,,,,,,,,,,,,,,,,,,,,,,,,,,,,,
2 New equipment,2h,"Preparation of data files for planning systems (to include treatment planning systems, virtual simulation, independent dosimetry checking software, assistive artificial intelligence and so on)",,,,,,,,,,,,,,,,,,,,,,,,,,,,,,,,,,,,,,,,,,,,,,,,,,,,,,,,,,,,,,,,,,
2 New equipment,2i,Other,,,,,,,,,,,,,,,,,,,,,,,,,,,,,,,,,,,,,,,,,,,,,,,,,,,,,,,,,,,,,,,,,,
2 New equipment,2j,"Installation and testing before clinical use (amalgamated previous codes 2b, 2c, 2d)",,,,,,,,,,,,,,,,,,,,,,,,,,,,,,,,,,,,,,,,,,,,,,,,,,,,,,,,,,,,,,,,,,
3 Routine machine QA,3d,"Daily verification of accuracy of data transfer between TPS, RV system and treatment equipment",,,,,,,,,,,,,,,,,,,,,,,,,,,,,,,,,,,,,,,,,,,,,,,,,,,,,,,,,,,,,,,,,,
3 Routine machine QA,3i,Regular preventative maintenance and repair programme,,,,,,,,,,,,,,,,,,,,,,,,,,,,,,,,,,,,,,,,,,,,,,,,,,,,,,,,,,,,,,,,,,
3 Routine machine QA,3j,Handover of radiotherapy equipment after planned QA and maintenance (including handover to other department such as diagnostic colleagues),,,,,,,,,,,,,,,,,,,,,,,,,,,,,,,,,,,,,,,,,,,,,,,,,,,,,,,,,,,,,,,,,,
3 Routine machine QA,3k,Routine radiation safety checks,,,,,,,,,,,,,,,,,,,,,,,,,,,,,,,,,,,,,,,,,,,,,,,,,,,,,,,,,,,,,,,,,,
3 Routine machine QA,3l,Other,,,,,,,,,,,,,,,,,,,,,,,,,,,,,,,,,,,,,,,,,,,,,,,,,,,,,,,,,,,,,,,,,,
3 Routine machine QA,3m,"Daily consistency checks (amalgamated previous codes 3a, 3b, 3c)",,,,,,,,,,,,,,,,,,,,,,,,,,,,,,,,,,,,,,,,,,,,,,,,,,,,,,,,,,,,,,,,,,
3 Routine machine QA,3n,"Planned QA programme checks (amalgamated previous codes 3e, 3f, 3g,3h)",,,,,,,,,,,,,,,,,,,,,,,,,,,,,,,,,,,,,,,,,,,,,,,,,,,,,,,,,,,,,,,,,,
4 Referral for treatment,4a,Identification of patient (verification against primary source data),,,,,,,,,,,,,,,,,,,,,,,,,,,,,,,,,,,,,,,,,,,,,,,,,,,,,,,,,,,,,,,,,,
4 Referral for treatment,4b,"Verification of diagnosis, extent, stage (including laterality)",,,,,,,,,,,,,,,,,,,,,,,,,,,,,,,,,,,,,,,,,,,,,,,,,,,,,,,,,,,,,,,,,,
4 Referral for treatment,4c,Choice of dose,,,,,,,,,,,,,,,,,,,,,,,,,,,,,,,,,,,,,,,,,,,,,,,,,,,,,,,,,,,,,,,,,,
4 Referral for treatment,4d,Choice of modality,,,,,,,,,,,,,,,,,,,,,,,,,,,,,,,,,,,,,,,,,,,,,,,,,,,,,,,,,,,,,,,,,,
4 Referral for treatment,4e,Choice of energy,,,,,,,,,,,,,,,,,,,,,,,,,,,,,,,,,,,,,,,,,,,,,,,,,,,,,,,,,,,,,,,,,,
4 Referral for treatment,4f,Choice of fractionation,,,,,,,,,,,,,,,,,,,,,,,,,,,,,,,,,,,,,,,,,,,,,,,,,,,,,,,,,,,,,,,,,,
4 Referral for treatment,4g,Choice of start date,,,,,,,,,,,,,,,,,,,,,,,,,,,,,,,,,,,,,,,,,,,,,,,,,,,,,,,,,,,,,,,,,,
4 Referral for treatment,4h,"Consideration of patient condition-morbidities (including CIED, prosthesis, patient unsuitable for IV contrast and changing performance status)",,,,,,,,,,,,,,,,,,,,,,,,,,,,,,,,,,,,,,,,,,,,,,,,,,,,,,,,,,,,,,,,,,
4 Referral for treatment,4i,Choice of other concurrent treatment or interventions and their sequencing or timing (including patient selection criteria or referral criteria not met),,,,,,,,,,,,,,,,,,,,,,,,,,,,,,,,,,,,,,,,,,,,,,,,,,,,,,,,,,,,,,,,,,
4 Referral for treatment,4j,Consent process and documentation,,,,,,,,,,,,,,,,,,,,,,,,,,,,,,,,,,,,,,,,,,,,,,,,,,,,,,,,,,,,,,,,,,
4 Referral for treatment,4k,Other,,,,,,,,,,,,,,,,,,,,,,,,,,,,,,,,,,,,,,,,,,,,,,,,,,,,,,,,,,,,,,,,,,
5 Communication of intent,5a,Completion of referral for treatment (including incomplete referral or insufficient data or failure to communicate referral),,,,,,,,,,,,,,,,,,,,,,,,,,,,,,,,,,,,,,,,,,,,,,,,,,,,,,,,,,,,,,,,,,
5 Communication of intent,5b,Recording of patient ID,,,,,,,,,,,,,,,,,,,,,,,,,,,,,,,,,,,,,,,,,,,,,,,,,,,,,,,,,,,,,,,,,,
5 Communication of intent,5c,Completion of required demographics,,,,,,,,,,,,,,,,,,,,,,,,,,,,,,,,,,,,,,,,,,,,,,,,,,,,,,,,,,,,,,,,,,
5 Communication of intent,5d,Completion of tumour-specific information (including laterality),,,,,,,,,,,,,,,,,,,,,,,,,,,,,,,,,,,,,,,,,,,,,,,,,,,,,,,,,,,,,,,,,,
5 Communication of intent,5e,Completion of radiation-specific information,,,,,,,,,,,,,,,,,,,,,,,,,,,,,,,,,,,,,,,,,,,,,,,,,,,,,,,,,,,,,,,,,,
5 Communication of intent,5f,Completion of details of other professionals,,,,,,,,,,,,,,,,,,,,,,,,,,,,,,,,,,,,,,,,,,,,,,,,,,,,,,,,,,,,,,,,,,
5 Communication of intent,5g,Completion of administrative data (including documentation of MDT outcomes),,,,,,,,,,,,,,,,,,,,,,,,,,,,,,,,,,,,,,,,,,,,,,,,,,,,,,,,,,,,,,,,,,
5 Communication of intent,5h,Recording of previous radiotherapy treatment details,,,,,,,,,,,,,,,,,,,,,,,,,,,,,,,,,,,,,,,,,,,,,,,,,,,,,,,,,,,,,,,,,,
5 Communication of intent,5i,"Recording of patients specific requirements (includes communication, handover, documentation of patient specific information and so on)",,,,,,,,,,,,,,,,,,,,,,,,,,,,,,,,,,,,,,,,,,,,,,,,,,,,,,,,,,,,,,,,,,
5 Communication of intent,5j,"Recording of non-standard information, protocol variants",,,,,,,,,,,,,,,,,,,,,,,,,,,,,,,,,,,,,,,,,,,,,,,,,,,,,,,,,,,,,,,,,,
5 Communication of intent,5k,Authorisation of exposure (including referrals not signed by appropriately entitled practitioner and authorisation of additional imaging),,,,,,,,,,,,,,,,,,,,,,,,,,,,,,,,,,,,,,,,,,,,,,,,,,,,,,,,,,,,,,,,,,
5 Communication of intent,5l,Other,,,,,,,,,,,,,,,,,,,,,,,,,,,,,,,,,,,,,,,,,,,,,,,,,,,,,,,,,,,,,,,,,,
"6 Booking process and administration processes (pretreatment, planning, treatment and follow-up)",6a,Bookings made according to protocol,,,,,,,,,,,,,,,,,,,,,,,,,,,,,,,,,,,,,,,,,,,,,,,,,,,,,,,,,,,,,,,,,,
"6 Booking process and administration processes (pretreatment, planning, treatment and follow-up)",6b,Bookings made according to referral details (including additional requirements and requested changes following initial booking),,,,,,,,,,,,,,,,,,,,,,,,,,,,,,,,,,,,,,,,,,,,,,,,,,,,,,,,,,,,,,,,,,
"6 Booking process and administration processes (pretreatment, planning, treatment and follow-up)",6c,Recording of booked appointments (including requested changes following initial booking),,,,,,,,,,,,,,,,,,,,,,,,,,,,,,,,,,,,,,,,,,,,,,,,,,,,,,,,,,,,,,,,,,
"6 Booking process and administration processes (pretreatment, planning, treatment and follow-up)",6d,Communication of appointments to patient (including requested changes following initial booking),,,,,,,,,,,,,,,,,,,,,,,,,,,,,,,,,,,,,,,,,,,,,,,,,,,,,,,,,,,,,,,,,,
"6 Booking process and administration processes (pretreatment, planning, treatment and follow-up)",6e,Other,,,,,,,,,,,,,,,,,,,,,,,,,,,,,,,,,,,,,,,,,,,,,,,,,,,,,,,,,,,,,,,,,,
"6 Booking process and administration processes (pretreatment, planning, treatment and follow-up)",6f,Communication of appointment between staff groups (including requested changes following initial booking),,,,,,,,,,,,,,,,,,,,,,,,,,,,,,,,,,,,,,,,,,,,,,,,,,,,,,,,,,,,,,,,,,
"6 Booking process and administration processes (pretreatment, planning, treatment and follow-up)",6g,"Use of electronic task lists (quality check list, care pathway)",,,,,,,,,,,,,,,,,,,,,,,,,,,,,,,,,,,,,,,,,,,,,,,,,,,,,,,,,,,,,,,,,,
7 Processes prior to first appointment,7a,New patient: registration with healthcare organisations patient administration system (PAS),,,,,,,,,,,,,,,,,,,,,,,,,,,,,,,,,,,,,,,,,,,,,,,,,,,,,,,,,,,,,,,,,,
7 Processes prior to first appointment,7b,New patient: registration with department PAS,,,,,,,,,,,,,,,,,,,,,,,,,,,,,,,,,,,,,,,,,,,,,,,,,,,,,,,,,,,,,,,,,,
7 Processes prior to first appointment,7c,New patient: generation of notes (including their availability as required across the patient pathway),,,,,,,,,,,,,,,,,,,,,,,,,,,,,,,,,,,,,,,,,,,,,,,,,,,,,,,,,,,,,,,,,,
7 Processes prior to first appointment,7d,Old patient: location of healthcare organisations notes,,,,,,,,,,,,,,,,,,,,,,,,,,,,,,,,,,,,,,,,,,,,,,,,,,,,,,,,,,,,,,,,,,
7 Processes prior to first appointment,7e,"Old patient: location of department notes, previous treatment details (including availability of archived materials)",,,,,,,,,,,,,,,,,,,,,,,,,,,,,,,,,,,,,,,,,,,,,,,,,,,,,,,,,,,,,,,,,,
7 Processes prior to first appointment,7f,"Availability of reports, imaging required by protocol for treatment (including requirements for these at all points on the pathway)",,,,,,,,,,,,,,,,,,,,,,,,,,,,,,,,,,,,,,,,,,,,,,,,,,,,,,,,,,,,,,,,,,
7 Processes prior to first appointment,7g,Availability of consent documentation,,,,,,,,,,,,,,,,,,,,,,,,,,,,,,,,,,,,,,,,,,,,,,,,,,,,,,,,,,,,,,,,,,
7 Processes prior to first appointment,7h,Other,,,,,,,,,,,,,,,,,,,,,,,,,,,,,,,,,,,,,,,,,,,,,,,,,,,,,,,,,,,,,,,,,,
8 Pretreatment: preparation of patient,8a,Confirmation of ID,,,,,,,,,,,,,,,,,,,,,,,,,,,,,,,,,,,,,,,,,,,,,,,,,,,,,,,,,,,,,,,,,,
8 Pretreatment: preparation of patient,8b,Confirmation of consent,,,,,,,,,,,,,,,,,,,,,,,,,,,,,,,,,,,,,,,,,,,,,,,,,,,,,,,,,,,,,,,,,,
8 Pretreatment: preparation of patient,8c,"Confirmation of fertility, pregnancy status",,,,,,,,,,,,,,,,,,,,,,,,,,,,,,,,,,,,,,,,,,,,,,,,,,,,,,,,,,,,,,,,,,
8 Pretreatment: preparation of patient,8d,"Advice on procedure (including training on breath hold, bladder or bowel preparation, CIED or electronic device status, information on pre-medication, fiducial insertion, MRI safety and so on)",,,,,,,,,,,,,,,,,,,,,,,,,,,,,,,,,,,,,,,,,,,,,,,,,,,,,,,,,,,,,,,,,,
8 Pretreatment: preparation of patient,8e,Other,,,,,,,,,,,,,,,,,,,,,,,,,,,,,,,,,,,,,,,,,,,,,,,,,,,,,,,,,,,,,,,,,,
"9 Mould room, workshop activities (these activities are not limited to mould room or workshop areas)",9a,Confirmation of ID,,,,,,,,,,,,,,,,,,,,,,,,,,,,,,,,,,,,,,,,,,,,,,,,,,,,,,,,,,,,,,,,,,
"9 Mould room, workshop activities (these activities are not limited to mould room or workshop areas)",9b,"Pre mould room diagnostics, interventions",,,,,,,,,,,,,,,,,,,,,,,,,,,,,,,,,,,,,,,,,,,,,,,,,,,,,,,,,,,,,,,,,,
"9 Mould room, workshop activities (these activities are not limited to mould room or workshop areas)",9c,Production of immobilisation devices,,,,,,,,,,,,,,,,,,,,,,,,,,,,,,,,,,,,,,,,,,,,,,,,,,,,,,,,,,,,,,,,,,
"9 Mould room, workshop activities (these activities are not limited to mould room or workshop areas)",9d,"Checking, fitting of immobilisation devices",,,,,,,,,,,,,,,,,,,,,,,,,,,,,,,,,,,,,,,,,,,,,,,,,,,,,,,,,,,,,,,,,,
"9 Mould room, workshop activities (these activities are not limited to mould room or workshop areas)",9e,"Production of other accessories, personalised beam shaping device",,,,,,,,,,,,,,,,,,,,,,,,,,,,,,,,,,,,,,,,,,,,,,,,,,,,,,,,,,,,,,,,,,
"9 Mould room, workshop activities (these activities are not limited to mould room or workshop areas)",9f,"Checking of other accessories, personalised beam shaping device",,,,,,,,,,,,,,,,,,,,,,,,,,,,,,,,,,,,,,,,,,,,,,,,,,,,,,,,,,,,,,,,,,
"9 Mould room, workshop activities (these activities are not limited to mould room or workshop areas)",9g,"Labelling of mould room, workshop outputs",,,,,,,,,,,,,,,,,,,,,,,,,,,,,,,,,,,,,,,,,,,,,,,,,,,,,,,,,,,,,,,,,,
"9 Mould room, workshop activities (these activities are not limited to mould room or workshop areas)",9h,"Recording of information in patient record (includes communication, handover, documentation of patient specific information and so on)",,,,,,,,,,,,,,,,,,,,,,,,,,,,,,,,,,,,,,,,,,,,,,,,,,,,,,,,,,,,,,,,,,
"9 Mould room, workshop activities (these activities are not limited to mould room or workshop areas)",9i,Instructions to patient,,,,,,,,,,,,,,,,,,,,,,,,,,,,,,,,,,,,,,,,,,,,,,,,,,,,,,,,,,,,,,,,,,
"9 Mould room, workshop activities (these activities are not limited to mould room or workshop areas)",9k,End of process checks,,,,,,,,,,,,,,,,,,,,,,,,,,,,,,,,,,,,,,,,,,,,,,,,,,,,,,,,,,,,,,,,,,
"9 Mould room, workshop activities (these activities are not limited to mould room or workshop areas)",9l,Other,,,,,,,,,,,,,,,,,,,,,,,,,,,,,,,,,,,,,,,,,,,,,,,,,,,,,,,,,,,,,,,,,,
"10 Pretreatment activities, imaging (to include CT, MRI, simulation, clinical mark-up, reference image production)",10a,Confirmation of ID,,,,,,,,,,,,,,,,,,,,,,,,,,,,,,,,,,,,,,,,,,,,,,,,,,,,,,,,,,,,,,,,,,
"10 Pretreatment activities, imaging (to include CT, MRI, simulation, clinical mark-up, reference image production)",10b,Positioning of patient,,,,,,,,,,,,,,,,,,,,,,,,,,,,,,,,,,,,,,,,,,,,,,,,,,,,,,,,,,,,,,,,,,
"10 Pretreatment activities, imaging (to include CT, MRI, simulation, clinical mark-up, reference image production)",10c,"Localisation of intended volume (including insufficient scan length, incorrect scanning protocol, incorrect laterality)",,,,,,,,,,,,,,,,,,,,,,,,,,,,,,,,,,,,,,,,,,,,,,,,,,,,,,,,,,,,,,,,,,
"10 Pretreatment activities, imaging (to include CT, MRI, simulation, clinical mark-up, reference image production)",10d,Production of images using correct imaging factors (including production of reference images),,,,,,,,,,,,,,,,,,,,,,,,,,,,,,,,,,,,,,,,,,,,,,,,,,,,,,,,,,,,,,,,,,
"10 Pretreatment activities, imaging (to include CT, MRI, simulation, clinical mark-up, reference image production)",10e,Production of images using appropriate field size (including production of reference images),,,,,,,,,,,,,,,,,,,,,,,,,,,,,,,,,,,,,,,,,,,,,,,,,,,,,,,,,,,,,,,,,,
"10 Pretreatment activities, imaging (to include CT, MRI, simulation, clinical mark-up, reference image production)",10f,Production of images demonstrating correct detail (including incorrect scanning protocol and production of reference images),,,,,,,,,,,,,,,,,,,,,,,,,,,,,,,,,,,,,,,,,,,,,,,,,,,,,,,,,,,,,,,,,,
"10 Pretreatment activities, imaging (to include CT, MRI, simulation, clinical mark-up, reference image production)",10g,"Labelling of imaging dataset (including pre-scan data entry, for example, ID format, orientation and so on and production of reference images)",,,,,,,,,,,,,,,,,,,,,,,,,,,,,,,,,,,,,,,,,,,,,,,,,,,,,,,,,,,,,,,,,,
"10 Pretreatment activities, imaging (to include CT, MRI, simulation, clinical mark-up, reference image production)",10h,Saving of planning geometry data,,,,,,,,,,,,,,,,,,,,,,,,,,,,,,,,,,,,,,,,,,,,,,,,,,,,,,,,,,,,,,,,,,
"10 Pretreatment activities, imaging (to include CT, MRI, simulation, clinical mark-up, reference image production)",10i,Recording of radiation data,,,,,,,,,,,,,,,,,,,,,,,,,,,,,,,,,,,,,,,,,,,,,,,,,,,,,,,,,,,,,,,,,,
"10 Pretreatment activities, imaging (to include CT, MRI, simulation, clinical mark-up, reference image production)",10j,"Documentation of instructions, information",,,,,,,,,,,,,,,,,,,,,,,,,,,,,,,,,,,,,,,,,,,,,,,,,,,,,,,,,,,,,,,,,,
"10 Pretreatment activities, imaging (to include CT, MRI, simulation, clinical mark-up, reference image production)",10k,Marking of patient or immobilisation device,,,,,,,,,,,,,,,,,,,,,,,,,,,,,,,,,,,,,,,,,,,,,,,,,,,,,,,,,,,,,,,,,,
"10 Pretreatment activities, imaging (to include CT, MRI, simulation, clinical mark-up, reference image production)",10m,"Identification of staff (appropriate training, competency, entitlement)",,,,,,,,,,,,,,,,,,,,,,,,,,,,,,,,,,,,,,,,,,,,,,,,,,,,,,,,,,,,,,,,,,
"10 Pretreatment activities, imaging (to include CT, MRI, simulation, clinical mark-up, reference image production)",10n,Other,,,,,,,,,,,,,,,,,,,,,,,,,,,,,,,,,,,,,,,,,,,,,,,,,,,,,,,,,,,,,,,,,,
"10 Pretreatment activities, imaging (to include CT, MRI, simulation, clinical mark-up, reference image production)",10o,Assessment of patient prior to exposure,,,,,,,,,,,,,,,,,,,,,,,,,,,,,,,,,,,,,,,,,,,,,,,,,,,,,,,,,,,,,,,,,,
"10 Pretreatment activities, imaging (to include CT, MRI, simulation, clinical mark-up, reference image production)",10p,"Use of contrast (including unplanned event such as leaking out, extravasation, timing of contrast and so on)",,,,,,,,,,,,,,,,,,,,,,,,,,,,,,,,,,,,,,,,,,,,,,,,,,,,,,,,,,,,,,,,,,
"10 Pretreatment activities, imaging (to include CT, MRI, simulation, clinical mark-up, reference image production)",10q,"Use of gating (including discrepancy between intended treatment technique and pretreatment scan, scan acquisition, construction of image sequence or application of gating equipment and so on)",,,,,,,,,,,,,,,,,,,,,,,,,,,,,,,,,,,,,,,,,,,,,,,,,,,,,,,,,,,,,,,,,,
"10 Pretreatment activities, imaging (to include CT, MRI, simulation, clinical mark-up, reference image production)",10r,Monitoring of patient during pretreatment activity exposure,,,,,,,,,,,,,,,,,,,,,,,,,,,,,,,,,,,,,,,,,,,,,,,,,,,,,,,,,,,,,,,,,,
"10 Pretreatment activities, imaging (to include CT, MRI, simulation, clinical mark-up, reference image production)",10s,Assessment of patient after exposure (including RF burns for MRI),,,,,,,,,,,,,,,,,,,,,,,,,,,,,,,,,,,,,,,,,,,,,,,,,,,,,,,,,,,,,,,,,,
"10 Pretreatment activities, imaging (to include CT, MRI, simulation, clinical mark-up, reference image production)",10t,"Management of variations, unexpected events (including pretreatment equipment failure)",,,,,,,,,,,,,,,,,,,,,,,,,,,,,,,,,,,,,,,,,,,,,,,,,,,,,,,,,,,,,,,,,,
"10 Pretreatment activities, imaging (to include CT, MRI, simulation, clinical mark-up, reference image production)",10u,In-room end of process checks,,,,,,,,,,,,,,,,,,,,,,,,,,,,,,,,,,,,,,,,,,,,,,,,,,,,,,,,,,,,,,,,,,
"10 Pretreatment activities, imaging (to include CT, MRI, simulation, clinical mark-up, reference image production)",10v,Pre exposure end of process checks,,,,,,,,,,,,,,,,,,,,,,,,,,,,,,,,,,,,,,,,,,,,,,,,,,,,,,,,,,,,,,,,,,
"10 Pretreatment activities, imaging (to include CT, MRI, simulation, clinical mark-up, reference image production)",10w,Completion of pretreatment exposure end of process checks,,,,,,,,,,,,,,,,,,,,,,,,,,,,,,,,,,,,,,,,,,,,,,,,,,,,,,,,,,,,,,,,,,
11 Pretreatment planning process (including virtual simulation and replans),11a,"Verification of patient ID, orientation and data entry format to include all patient data, imaging and so on",,,,,,,,,,,,,,,,,,,,,,,,,,,,,,,,,,,,,,,,,,,,,,,,,,,,,,,,,,,,,,,,,,
11 Pretreatment planning process (including virtual simulation and replans),11b,Recording of patient ID on plan,,,,,,,,,,,,,,,,,,,,,,,,,,,,,,,,,,,,,,,,,,,,,,,,,,,,,,,,,,,,,,,,,,
11 Pretreatment planning process (including virtual simulation and replans),11c,Importing of data from external and internal administrative sources,,,,,,,,,,,,,,,,,,,,,,,,,,,,,,,,,,,,,,,,,,,,,,,,,,,,,,,,,,,,,,,,,,
11 Pretreatment planning process (including virtual simulation and replans),11d,Importing of data from external and internal imaging sources,,,,,,,,,,,,,,,,,,,,,,,,,,,,,,,,,,,,,,,,,,,,,,,,,,,,,,,,,,,,,,,,,,
11 Pretreatment planning process (including virtual simulation and replans),11e,"Choice of data for planning purposes and to inform planning, for example, MRI, PET, angio, contrast, pre-op, post op data and so on",,,,,,,,,,,,,,,,,,,,,,,,,,,,,,,,,,,,,,,,,,,,,,,,,,,,,,,,,,,,,,,,,,
11 Pretreatment planning process (including virtual simulation and replans),11f,Choice of dose and fractionation inputs,,,,,,,,,,,,,,,,,,,,,,,,,,,,,,,,,,,,,,,,,,,,,,,,,,,,,,,,,,,,,,,,,,
11 Pretreatment planning process (including virtual simulation and replans),11g,Availability of source data,,,,,,,,,,,,,,,,,,,,,,,,,,,,,,,,,,,,,,,,,,,,,,,,,,,,,,,,,,,,,,,,,,
11 Pretreatment planning process (including virtual simulation and replans),11h,"Choice of technique (including IMRT, volumetric, ART, superficial or protons and so on)",,,,,,,,,,,,,,,,,,,,,,,,,,,,,,,,,,,,,,,,,,,,,,,,,,,,,,,,,,,,,,,,,,
11 Pretreatment planning process (including virtual simulation and replans),11i,Target and organ at risk delineation (including incorrect growing of volume and auto contouring),,,,,,,,,,,,,,,,,,,,,,,,,,,,,,,,,,,,,,,,,,,,,,,,,,,,,,,,,,,,,,,,,,
11 Pretreatment planning process (including virtual simulation and replans),11j,"Generation of plan for approval (to include DVH, incorrect labelling, inappropriate beam arrangement, replans or missing plan information and so on)",,,,,,,,,,,,,,,,,,,,,,,,,,,,,,,,,,,,,,,,,,,,,,,,,,,,,,,,,,,,,,,,,,
11 Pretreatment planning process (including virtual simulation and replans),11k,Authorisation of plan,,,,,,,,,,,,,,,,,,,,,,,,,,,,,,,,,,,,,,,,,,,,,,,,,,,,,,,,,,,,,,,,,,
11 Pretreatment planning process (including virtual simulation and replans),11l,"Verification of plan, identification of responsible staff (including patient specific quality control checks)",,,,,,,,,,,,,,,,,,,,,,,,,,,,,,,,,,,,,,,,,,,,,,,,,,,,,,,,,,,,,,,,,,
11 Pretreatment planning process (including virtual simulation and replans),11m,Recording of definitive treatment prescription,,,,,,,,,,,,,,,,,,,,,,,,,,,,,,,,,,,,,,,,,,,,,,,,,,,,,,,,,,,,,,,,,,
11 Pretreatment planning process (including virtual simulation and replans),11n,Recording of patient specific instructions,,,,,,,,,,,,,,,,,,,,,,,,,,,,,,,,,,,,,,,,,,,,,,,,,,,,,,,,,,,,,,,,,,
11 Pretreatment planning process (including virtual simulation and replans),11o,Management of process flow within planning (including plan export),,,,,,,,,,,,,,,,,,,,,,,,,,,,,,,,,,,,,,,,,,,,,,,,,,,,,,,,,,,,,,,,,,
11 Pretreatment planning process (including virtual simulation and replans),11p,Management of authorisation process,,,,,,,,,,,,,,,,,,,,,,,,,,,,,,,,,,,,,,,,,,,,,,,,,,,,,,,,,,,,,,,,,,
11 Pretreatment planning process (including virtual simulation and replans),11q,Timeliness of plan production or approval,,,,,,,,,,,,,,,,,,,,,,,,,,,,,,,,,,,,,,,,,,,,,,,,,,,,,,,,,,,,,,,,,,
11 Pretreatment planning process (including virtual simulation and replans),11r,Calculation process for non-planned treatments,,,,,,,,,,,,,,,,,,,,,,,,,,,,,,,,,,,,,,,,,,,,,,,,,,,,,,,,,,,,,,,,,,
11 Pretreatment planning process (including virtual simulation and replans),11s,Calculation checking process for non-planned treatments,,,,,,,,,,,,,,,,,,,,,,,,,,,,,,,,,,,,,,,,,,,,,,,,,,,,,,,,,,,,,,,,,,
11 Pretreatment planning process (including virtual simulation and replans),11t,End of process checks,,,,,,,,,,,,,,,,,,,,,,,,,,,,,,,,,,,,,,,,,,,,,,,,,,,,,,,,,,,,,,,,,,
11 Pretreatment planning process (including virtual simulation and replans),11u,"Identification of responsible staff (appropriate training, competency, entitlement)",,,,,,,,,,,,,,,,,,,,,,,,,,,,,,,,,,,,,,,,,,,,,,,,,,,,,,,,,,,,,,,,,,
11 Pretreatment planning process (including virtual simulation and replans),11v,Other,,,,,,,,,,,,,,,,,,,,,,,,,,,,,,,,,,,,,,,,,,,,,,,,,,,,,,,,,,,,,,,,,,
"12 Treatment data entry, data preparation process",12a,Pre-data entry verification (including OMS data import),,,,,,,,,,,,,,,,,,,,,,,,,,,,,,,,,,,,,,,,,,,,,,,,,,,,,,,,,,,,,,,,,,
"12 Treatment data entry, data preparation process",12b,Choice of data entry method (input vs. transcription),,,,,,,,,,,,,,,,,,,,,,,,,,,,,,,,,,,,,,,,,,,,,,,,,,,,,,,,,,,,,,,,,,
"12 Treatment data entry, data preparation process",12c,Use of correct data,,,,,,,,,,,,,,,,,,,,,,,,,,,,,,,,,,,,,,,,,,,,,,,,,,,,,,,,,,,,,,,,,,
"12 Treatment data entry, data preparation process",12d,"Correct ID of patient, all patient input data",,,,,,,,,,,,,,,,,,,,,,,,,,,,,,,,,,,,,,,,,,,,,,,,,,,,,,,,,,,,,,,,,,
"12 Treatment data entry, data preparation process",12e,Correct ID of patient output data,,,,,,,,,,,,,,,,,,,,,,,,,,,,,,,,,,,,,,,,,,,,,,,,,,,,,,,,,,,,,,,,,,
"12 Treatment data entry, data preparation process",12f,Accuracy of data entry (including field sequencing and image scheduling and any required amendments),,,,,,,,,,,,,,,,,,,,,,,,,,,,,,,,,,,,,,,,,,,,,,,,,,,,,,,,,,,,,,,,,,
"12 Treatment data entry, data preparation process",12g,End of process checks (including OMS data import),,,,,,,,,,,,,,,,,,,,,,,,,,,,,,,,,,,,,,,,,,,,,,,,,,,,,,,,,,,,,,,,,,
"12 Treatment data entry, data preparation process",12h,"Identification of responsible staff (appropriate training, competency and entitlement)",,,,,,,,,,,,,,,,,,,,,,,,,,,,,,,,,,,,,,,,,,,,,,,,,,,,,,,,,,,,,,,,,,
"12 Treatment data entry, data preparation process",12i,Other,,,,,,,,,,,,,,,,,,,,,,,,,,,,,,,,,,,,,,,,,,,,,,,,,,,,,,,,,,,,,,,,,,
"13 Treatment unit process (including EXBRT, Protons and Superficial",13a,"Availability, timeliness of all required documentation and data",,,,,,,,,,,,,,,,,,,,,,,,,,,,,,,,,,,,,,,,,,,,,,,,,,,,,,,,,,,,,,,,,,
"13 Treatment unit process (including EXBRT, Protons and Superficial",13b,Patient ID process,,,,,,,,,,,,,,,,,,,,,,,,,,,,,,,,,,,,,,,,,,,,,,,,,,,,,,,,,,,,,,,,,,
"13 Treatment unit process (including EXBRT, Protons and Superficial",13c,Patient data ID process,,,,,,,,,,,,,,,,,,,,,,,,,,,,,,,,,,,,,,,,,,,,,,,,,,,,,,,,,,,,,,,,,,
"13 Treatment unit process (including EXBRT, Protons and Superficial",13d,"Explanation, instructions to patient",,,,,,,,,,,,,,,,,,,,,,,,,,,,,,,,,,,,,,,,,,,,,,,,,,,,,,,,,,,,,,,,,,
"13 Treatment unit process (including EXBRT, Protons and Superficial",13e,"Confirmation of pregnancy, fertility status",,,,,,,,,,,,,,,,,,,,,,,,,,,,,,,,,,,,,,,,,,,,,,,,,,,,,,,,,,,,,,,,,,
"13 Treatment unit process (including EXBRT, Protons and Superficial",13f,"Assessment of patient prior to treatment (including pre-medication prior to treatment, for example, analgesia, antiemetics and so on, cardiac implanted electronic device (CIED) status, MRI safety)",,,,,,,,,,,,,,,,,,,,,,,,,,,,,,,,,,,,,,,,,,,,,,,,,,,,,,,,,,,,,,,,,,
"13 Treatment unit process (including EXBRT, Protons and Superficial",13g,Patient positioning (including the use of tools such as surface guidance technology),,,,,,,,,,,,,,,,,,,,,,,,,,,,,,,,,,,,,,,,,,,,,,,,,,,,,,,,,,,,,,,,,,
"13 Treatment unit process (including EXBRT, Protons and Superficial",13h,Use of IVD according to local protocol,,,,,,,,,,,,,,,,,,,,,,,,,,,,,,,,,,,,,,,,,,,,,,,,,,,,,,,,,,,,,,,,,,
"13 Treatment unit process (including EXBRT, Protons and Superficial",13i,On-set imaging: compliance with local image guidance protocols (including frequency and timing of imaging),,,,,,,,,,,,,,,,,,,,,,,,,,,,,,,,,,,,,,,,,,,,,,,,,,,,,,,,,,,,,,,,,,
"13 Treatment unit process (including EXBRT, Protons and Superficial",13j,Transfer of marks,,,,,,,,,,,,,,,,,,,,,,,,,,,,,,,,,,,,,,,,,,,,,,,,,,,,,,,,,,,,,,,,,,
"13 Treatment unit process (including EXBRT, Protons and Superficial",13k,ID of reference marks,,,,,,,,,,,,,,,,,,,,,,,,,,,,,,,,,,,,,,,,,,,,,,,,,,,,,,,,,,,,,,,,,,
"13 Treatment unit process (including EXBRT, Protons and Superficial",13l,Movements to isocentre (including from reference marks),,,,,,,,,,,,,,,,,,,,,,,,,,,,,,,,,,,,,,,,,,,,,,,,,,,,,,,,,,,,,,,,,,
"13 Treatment unit process (including EXBRT, Protons and Superficial",13m,Setting of treatment machine parameters (including overrides),,,,,,,,,,,,,,,,,,,,,,,,,,,,,,,,,,,,,,,,,,,,,,,,,,,,,,,,,,,,,,,,,,
"13 Treatment unit process (including EXBRT, Protons and Superficial",13q,"Setting of couch position, angle (including incorrect setting of couch following movement to allow gantry clearance)",,,,,,,,,,,,,,,,,,,,,,,,,,,,,,,,,,,,,,,,,,,,,,,,,,,,,,,,,,,,,,,,,,
"13 Treatment unit process (including EXBRT, Protons and Superficial",13r,Use of immobilisation devices (including gating equipment),,,,,,,,,,,,,,,,,,,,,,,,,,,,,,,,,,,,,,,,,,,,,,,,,,,,,,,,,,,,,,,,,,
"13 Treatment unit process (including EXBRT, Protons and Superficial",13s,Use of beam shaping devices,,,,,,,,,,,,,,,,,,,,,,,,,,,,,,,,,,,,,,,,,,,,,,,,,,,,,,,,,,,,,,,,,,
"13 Treatment unit process (including EXBRT, Protons and Superficial",13t,"Use of beam direction aids, applicators",,,,,,,,,,,,,,,,,,,,,,,,,,,,,,,,,,,,,,,,,,,,,,,,,,,,,,,,,,,,,,,,,,
"13 Treatment unit process (including EXBRT, Protons and Superficial",13u,Use of compensators (including bolus),,,,,,,,,,,,,,,,,,,,,,,,,,,,,,,,,,,,,,,,,,,,,,,,,,,,,,,,,,,,,,,,,,
"13 Treatment unit process (including EXBRT, Protons and Superficial",13v,Use of wedges,,,,,,,,,,,,,,,,,,,,,,,,,,,,,,,,,,,,,,,,,,,,,,,,,,,,,,,,,,,,,,,,,,
"13 Treatment unit process (including EXBRT, Protons and Superficial",13w,Availability of treatment accessories,,,,,,,,,,,,,,,,,,,,,,,,,,,,,,,,,,,,,,,,,,,,,,,,,,,,,,,,,,,,,,,,,,
"13 Treatment unit process (including EXBRT, Protons and Superficial",13x,Setting of energy,,,,,,,,,,,,,,,,,,,,,,,,,,,,,,,,,,,,,,,,,,,,,,,,,,,,,,,,,,,,,,,,,,
"13 Treatment unit process (including EXBRT, Protons and Superficial",13y,Setting of monitor units,,,,,,,,,,,,,,,,,,,,,,,,,,,,,,,,,,,,,,,,,,,,,,,,,,,,,,,,,,,,,,,,,,
"13 Treatment unit process (including EXBRT, Protons and Superficial",13z,"On-set imaging: production process (including inappropriate exposure used, image not captured, incorrect CBCT filter used or left in for kV image, incorrect field localisation of exposure, unsuitable positioning of imaging panel, on-set imaging equipment failure)",,,,,,,,,,,,,,,,,,,,,,,,,,,,,,,,,,,,,,,,,,,,,,,,,,,,,,,,,,,,,,,,,,
"13 Treatment unit process (including EXBRT, Protons and Superficial",13aa,"On-set imaging: approval process (including image review not completed, image review inaccurate, image matched to wrong reference image, incorrect prioritisation of structures for matching)",,,,,,,,,,,,,,,,,,,,,,,,,,,,,,,,,,,,,,,,,,,,,,,,,,,,,,,,,,,,,,,,,,
"13 Treatment unit process (including EXBRT, Protons and Superficial",13bb,"On-set imaging: recording process (recording of result of image review not undertaken, resultant actions from image review not undertaken, documentation and application of systematic correction)",,,,,,,,,,,,,,,,,,,,,,,,,,,,,,,,,,,,,,,,,,,,,,,,,,,,,,,,,,,,,,,,,,
"13 Treatment unit process (including EXBRT, Protons and Superficial",13cc,"Management of variations, unexpected events (including on-treatment equipment failure (not associated with on-set imaging), management of replans, migration of fiducials, transfer between treatment machines)",,,,,,,,,,,,,,,,,,,,,,,,,,,,,,,,,,,,,,,,,,,,,,,,,,,,,,,,,,,,,,,,,,
"13 Treatment unit process (including EXBRT, Protons and Superficial",13dd,Communication between treatment unit and VR,,,,,,,,,,,,,,,,,,,,,,,,,,,,,,,,,,,,,,,,,,,,,,,,,,,,,,,,,,,,,,,,,,
"13 Treatment unit process (including EXBRT, Protons and Superficial",13ee,Recording of patient attendance,,,,,,,,,,,,,,,,,,,,,,,,,,,,,,,,,,,,,,,,,,,,,,,,,,,,,,,,,,,,,,,,,,
"13 Treatment unit process (including EXBRT, Protons and Superficial",13ff,Recording of delivered treatment data,,,,,,,,,,,,,,,,,,,,,,,,,,,,,,,,,,,,,,,,,,,,,,,,,,,,,,,,,,,,,,,,,,
"13 Treatment unit process (including EXBRT, Protons and Superficial",13gg,Recording of additional information,,,,,,,,,,,,,,,,,,,,,,,,,,,,,,,,,,,,,,,,,,,,,,,,,,,,,,,,,,,,,,,,,,
"13 Treatment unit process (including EXBRT, Protons and Superficial",13ii,"Identification of responsible staff (appropriate training, competency, entitlement)",,,,,,,,,,,,,,,,,,,,,,,,,,,,,,,,,,,,,,,,,,,,,,,,,,,,,,,,,,,,,,,,,,
"13 Treatment unit process (including EXBRT, Protons and Superficial",13jj,Other,,,,,,,,,,,,,,,,,,,,,,,,,,,,,,,,,,,,,,,,,,,,,,,,,,,,,,,,,,,,,,,,,,
"13 Treatment unit process (including EXBRT, Protons and Superficial",13kk,Monitoring of patient during treatment exposure,,,,,,,,,,,,,,,,,,,,,,,,,,,,,,,,,,,,,,,,,,,,,,,,,,,,,,,,,,,,,,,,,,
"13 Treatment unit process (including EXBRT, Protons and Superficial",13ll,"Setting of collimator angle, jaw position, asymmetry (amalgamated previous codes 13n, 13o, 13p)",,,,,,,,,,,,,,,,,,,,,,,,,,,,,,,,,,,,,,,,,,,,,,,,,,,,,,,,,,,,,,,,,,
"13 Treatment unit process (including EXBRT, Protons and Superficial",13mm,In-room end of process checks,,,,,,,,,,,,,,,,,,,,,,,,,,,,,,,,,,,,,,,,,,,,,,,,,,,,,,,,,,,,,,,,,,
"13 Treatment unit process (including EXBRT, Protons and Superficial",13nn,Pre exposure end of process checks,,,,,,,,,,,,,,,,,,,,,,,,,,,,,,,,,,,,,,,,,,,,,,,,,,,,,,,,,,,,,,,,,,
"13 Treatment unit process (including EXBRT, Protons and Superficial",13oo,Completion of treatment exposure end of process checks,,,,,,,,,,,,,,,,,,,,,,,,,,,,,,,,,,,,,,,,,,,,,,,,,,,,,,,,,,,,,,,,,,
14 On-treatment review process,14a,On-treatment review of patient according to protocol by RT staff,,,,,,,,,,,,,,,,,,,,,,,,,,,,,,,,,,,,,,,,,,,,,,,,,,,,,,,,,,,,,,,,,,
14 On-treatment review process,14b,On-treatment review of patient according to protocol by other professional,,,,,,,,,,,,,,,,,,,,,,,,,,,,,,,,,,,,,,,,,,,,,,,,,,,,,,,,,,,,,,,,,,
14 On-treatment review process,14c,"On-treatment review of notes, data according to protocol (including omission of weekly chart checks)",,,,,,,,,,,,,,,,,,,,,,,,,,,,,,,,,,,,,,,,,,,,,,,,,,,,,,,,,,,,,,,,,,
14 On-treatment review process,14d,Actions following on-treatment review,,,,,,,,,,,,,,,,,,,,,,,,,,,,,,,,,,,,,,,,,,,,,,,,,,,,,,,,,,,,,,,,,,
14 On-treatment review process,14e,Other,,,,,,,,,,,,,,,,,,,,,,,,,,,,,,,,,,,,,,,,,,,,,,,,,,,,,,,,,,,,,,,,,,
15 Brachytherapy (including sealed source and IORT),15a,Ordering of sources (including unexpected wastage),,,,,,,,,,,,,,,,,,,,,,,,,,,,,,,,,,,,,,,,,,,,,,,,,,,,,,,,,,,,,,,,,,
15 Brachytherapy (including sealed source and IORT),15b,Delivery and transportation of sources,,,,,,,,,,,,,,,,,,,,,,,,,,,,,,,,,,,,,,,,,,,,,,,,,,,,,,,,,,,,,,,,,,
15 Brachytherapy (including sealed source and IORT),15c,Source calibration,,,,,,,,,,,,,,,,,,,,,,,,,,,,,,,,,,,,,,,,,,,,,,,,,,,,,,,,,,,,,,,,,,
15 Brachytherapy (including sealed source and IORT),15d,"Sterility, contamination of sources",,,,,,,,,,,,,,,,,,,,,,,,,,,,,,,,,,,,,,,,,,,,,,,,,,,,,,,,,,,,,,,,,,
15 Brachytherapy (including sealed source and IORT),15e,"Correct applicators, sources (including the use of applicators, channels in delivery)",,,,,,,,,,,,,,,,,,,,,,,,,,,,,,,,,,,,,,,,,,,,,,,,,,,,,,,,,,,,,,,,,,
15 Brachytherapy (including sealed source and IORT),15f,Correct and functioning medical equipment (including theatre equipment),,,,,,,,,,,,,,,,,,,,,,,,,,,,,,,,,,,,,,,,,,,,,,,,,,,,,,,,,,,,,,,,,,
15 Brachytherapy (including sealed source and IORT),15g,"Initial positioning of applicators, sources",,,,,,,,,,,,,,,,,,,,,,,,,,,,,,,,,,,,,,,,,,,,,,,,,,,,,,,,,,,,,,,,,,
15 Brachytherapy (including sealed source and IORT),15h,Planning of treatment (including replans),,,,,,,,,,,,,,,,,,,,,,,,,,,,,,,,,,,,,,,,,,,,,,,,,,,,,,,,,,,,,,,,,,
15 Brachytherapy (including sealed source and IORT),15i,"Maintenance of position of applicators, sources (including movement of applicators, seed migration)",,,,,,,,,,,,,,,,,,,,,,,,,,,,,,,,,,,,,,,,,,,,,,,,,,,,,,,,,,,,,,,,,,
15 Brachytherapy (including sealed source and IORT),15j,"Removing of applicators, sources (including medical complications caused by the removal)",,,,,,,,,,,,,,,,,,,,,,,,,,,,,,,,,,,,,,,,,,,,,,,,,,,,,,,,,,,,,,,,,,
15 Brachytherapy (including sealed source and IORT),15k,Other,,,,,,,,,,,,,,,,,,,,,,,,,,,,,,,,,,,,,,,,,,,,,,,,,,,,,,,,,,,,,,,,,,
15 Brachytherapy (including sealed source and IORT),15l,"Validation of applicator, source position",,,,,,,,,,,,,,,,,,,,,,,,,,,,,,,,,,,,,,,,,,,,,,,,,,,,,,,,,,,,,,,,,,
15 Brachytherapy (including sealed source and IORT),15m,Authorisation of plan (including prescription not authorised),,,,,,,,,,,,,,,,,,,,,,,,,,,,,,,,,,,,,,,,,,,,,,,,,,,,,,,,,,,,,,,,,,
15 Brachytherapy (including sealed source and IORT),15n,"Management of variations, unexpected events (including treatment equipment failure, anatomical implications such as perforations or management of seed migration)",,,,,,,,,,,,,,,,,,,,,,,,,,,,,,,,,,,,,,,,,,,,,,,,,,,,,,,,,,,,,,,,,,
15 Brachytherapy (including sealed source and IORT),15o,Imaging: compliance with local image guidance protocols,,,,,,,,,,,,,,,,,,,,,,,,,,,,,,,,,,,,,,,,,,,,,,,,,,,,,,,,,,,,,,,,,,
15 Brachytherapy (including sealed source and IORT),15p,"Imaging: production process (including inappropriate exposure used, image not captured, marking or labelling applicators, quality of image, unsuitable positioning of imaging panel)",,,,,,,,,,,,,,,,,,,,,,,,,,,,,,,,,,,,,,,,,,,,,,,,,,,,,,,,,,,,,,,,,,
15 Brachytherapy (including sealed source and IORT),15q,Imaging: approval process (including incorrect image acceptance),,,,,,,,,,,,,,,,,,,,,,,,,,,,,,,,,,,,,,,,,,,,,,,,,,,,,,,,,,,,,,,,,,
15 Brachytherapy (including sealed source and IORT),15r,Imaging: recording process (including resultant actions not undertaken),,,,,,,,,,,,,,,,,,,,,,,,,,,,,,,,,,,,,,,,,,,,,,,,,,,,,,,,,,,,,,,,,,
15 Brachytherapy (including sealed source and IORT),15s,End of process check (at each element of the workflow such as pause and check),,,,,,,,,,,,,,,,,,,,,,,,,,,,,,,,,,,,,,,,,,,,,,,,,,,,,,,,,,,,,,,,,,
15 Brachytherapy (including sealed source and IORT),15t,Patient ID Process,,,,,,,,,,,,,,,,,,,,,,,,,,,,,,,,,,,,,,,,,,,,,,,,,,,,,,,,,,,,,,,,,,
15 Brachytherapy (including sealed source and IORT),15u,Patient data ID process,,,,,,,,,,,,,,,,,,,,,,,,,,,,,,,,,,,,,,,,,,,,,,,,,,,,,,,,,,,,,,,,,,
15 Brachytherapy (including sealed source and IORT),15v,"Assessment of patient prior to treatment (including pre-medication, anaesthetic, for example anticoagulation, analgesia, antiemetics and so on, cardiac implanted electronic device (CIED) status)",,,,,,,,,,,,,,,,,,,,,,,,,,,,,,,,,,,,,,,,,,,,,,,,,,,,,,,,,,,,,,,,,,
15 Brachytherapy (including sealed source and IORT),15w,Monitoring and assessment of patient during treatment,,,,,,,,,,,,,,,,,,,,,,,,,,,,,,,,,,,,,,,,,,,,,,,,,,,,,,,,,,,,,,,,,,
16 End of treatment process,16a,Communication of appropriate end of treatment information to patient,,,,,,,,,,,,,,,,,,,,,,,,,,,,,,,,,,,,,,,,,,,,,,,,,,,,,,,,,,,,,,,,,,
16 End of treatment process,16b,Recording of treatment summary information in notes,,,,,,,,,,,,,,,,,,,,,,,,,,,,,,,,,,,,,,,,,,,,,,,,,,,,,,,,,,,,,,,,,,
16 End of treatment process,16d,"Communication of information to referring clinician, GP, CNS etc",,,,,,,,,,,,,,,,,,,,,,,,,,,,,,,,,,,,,,,,,,,,,,,,,,,,,,,,,,,,,,,,,,
16 End of treatment process,16e,Organisation of follow-up appointment according to protocol,,,,,,,,,,,,,,,,,,,,,,,,,,,,,,,,,,,,,,,,,,,,,,,,,,,,,,,,,,,,,,,,,,
16 End of treatment process,16f,Communication of follow-up to patient,,,,,,,,,,,,,,,,,,,,,,,,,,,,,,,,,,,,,,,,,,,,,,,,,,,,,,,,,,,,,,,,,,
16 End of treatment process,16g,Other,,,,,,,,,,,,,,,,,,,,,,,,,,,,,,,,,,,,,,,,,,,,,,,,,,,,,,,,,,,,,,,,,,
17 Follow-up process,17a,"Follow-up consultation process and documentation (including follow up actions required, patient identified unexpected toxicity or potential adverse event)",,,,,,,,,,,,,,,,,,,,,,,,,,,,,,,,,,,,,,,,,,,,,,,,,,,,,,,,,,,,,,,,,,
17 Follow-up process,17b,Management of non-attendance or non engagement,,,,,,,,,,,,,,,,,,,,,,,,,,,,,,,,,,,,,,,,,,,,,,,,,,,,,,,,,,,,,,,,,,
17 Follow-up process,17c,Archiving of details of treatment,,,,,,,,,,,,,,,,,,,,,,,,,,,,,,,,,,,,,,,,,,,,,,,,,,,,,,,,,,,,,,,,,,
18 Timing,18a,"Timing of systemic anti cancer therapy (SACT),irradiation, surgery",,,,,,,,,,,,,,,,,,,,,,,,,,,,,,,,,,,,,,,,,,,,,,,,,,,,,,,,,,,,,,,,,,
18 Timing,18b,Transport issues,,,,,,,,,,,,,,,,,,,,,,,,,,,,,,,,,,,,,,,,,,,,,,,,,,,,,,,,,,,,,,,,,,
18 Timing,18c,Portering issues,,,,,,,,,,,,,,,,,,,,,,,,,,,,,,,,,,,,,,,,,,,,,,,,,,,,,,,,,,,,,,,,,,
"19 Research, audit and document management",19a,"Availability of current protocol, procedures, work instructions forms, training and competency documentation",,,,,,,,,,,,,,,,,,,,,,,,,,,,,,,,,,,,,,,,,,,,,,,,,,,,,,,,,,,,,,,,,,
"19 Research, audit and document management",19b,Audit (including new and established processes),,,,,,,,,,,,,,,,,,,,,,,,,,,,,,,,,,,,,,,,,,,,,,,,,,,,,,,,,,,,,,,,,,
"19 Research, audit and document management",19c,Research (including local and national trials),,,,,,,,,,,,,,,,,,,,,,,,,,,,,,,,,,,,,,,,,,,,,,,,,,,,,,,,,,,,,,,,,,
20 Staff management,20a,"Availability of staff with competency appropriate to procedure (including engineers, IT, medical, nursing, physics, radiographer and so on)",,,,,,,,,,,,,,,,,,,,,,,,,,,,,,,,,,,,,,,,,,,,,,,,,,,,,,,,,,,,,,,,,,
